{"schemaVersion":"1.0","appDefinitionTemplate":{"id":"/providers/Microsoft.PowerApps/apps/","type":"Microsoft.PowerApps/apps","tags":{"primaryDeviceWidth":"640","primaryDeviceHeight":"1136","supportsPortrait":"true","supportsLandscape":"true","primaryFormFactor":"Phone","publisherVersion":"3.23052.19","minimumRequiredApiVersion":"2.2.0","hasComponent":"false","hasUnlockedComponent":"false","isUnifiedRootApp":"false","sienaVersion":"20230523T214848Z-3.23052.19.0"},"properties":{"appVersion":"2023-05-23T21:48:48Z","lifeCycleId":"Published","createdByClientVersion":{"major":3,"minor":23052,"build":19,"revision":0,"majorRevision":0,"minorRevision":0},"minClientVersion":{"major":3,"minor":23052,"build":19,"revision":0,"majorRevision":0,"minorRevision":0},"backgroundColor":"rgba(204, 231, 246, 1)","backgroundImageUri":"/1866101455880032690/N054bf3ec-cb22-4086-9834-76cc0c44ecdd-logoSmallFile","displayName":"Autorental app","description":"","commitMessage":"","appUris":{"documentUri":{"value":"/1866101455880032690/N45626287-fe0b-42a3-a383-131b6bfe0fc2-document.msapp"},"imageUris":[],"additionalUris":[]},"createdTime":"0001-01-01T00:00:00Z","lastModifiedTime":"0001-01-01T00:00:00Z","sharedGroupsCount":0,"sharedUsersCount":0,"connectionReferences":{"0b8f4c30-3fbe-4fa5-b8ae-47eb481b21a6":{"id":"9aa3a28c-1628-42a3-9a3d-fbf9ad633869","displayName":"Excel","iconUri":"https://connectoricons-prod.azureedge.net/releases/v1.0.1623/1.0.1623.3210/excel/icon.png","dataSources":["SiteInspector"],"dependencies":["c5d7ba3c-32d1-463b-9015-d451654a6a1f"],"dependents":[],"parameterHints":{"c5d7ba3c-32d1-463b-9015-d451654a6a1f":{"value":"fileSource"}},"parameterHintsV2":{"fileSource":{"value":"c5d7ba3c-32d1-463b-9015-d451654a6a1f"}},"isOnPremiseConnection":false,"bypassConsent":false,"dataSets":{"b!5ofUsC5xFEKosa1rP6MDy80N21VrdT9Am7o2qmWU26Jb6sYTsydfSJAEsp902pYS.01NTGQR57LJKTVWYL3W5H32UEZ6N5KZGJW":{"dataSources":{"SiteInspector":{"tableName":"SiteInspector"}}}},"apiTier":"Standard","isCustomApiConnection":false,"actions":["providers/PowerPlatform.Governance/Operations/Read","providers/PowerPlatform.Governance/Operations/Write","providers/PowerPlatform.Governance/Operations/Delete"]},"c5d7ba3c-32d1-463b-9015-d451654a6a1f":{"id":"439803a3-723f-4d4b-a316-2497d2e51e26","displayName":"OneDrive for Business","iconUri":"https://connectoricons-prod.azureedge.net/releases/v1.0.1546/1.0.1546.2665/onedriveforbusiness/icon.png","dataSources":[],"dependencies":[],"dependents":["0b8f4c30-3fbe-4fa5-b8ae-47eb481b21a6"],"parameterHints":{},"parameterHintsV2":{},"isOnPremiseConnection":false,"bypassConsent":false,"dataSets":{},"apiTier":"Standard","isCustomApiConnection":false},"0335ca65-2ed7-4131-8321-f2e91660b0b0":{"id":"26cf521d-75e1-4ee0-8cb6-09c36d060cac","displayName":"Office 365 Outlook","iconUri":"https://connectoricons-prod.azureedge.net/releases/v1.0.1626/1.0.1626.3238/office365/icon.png","dataSources":["Office365Outlook"],"dependencies":[],"dependents":[],"parameterHints":{},"parameterHintsV2":{},"isOnPremiseConnection":false,"bypassConsent":false,"dataSets":{},"apiTier":"Standard","isCustomApiConnection":false,"actions":["CalendarGetTables","GetEventsCalendarViewV2"]},"0e3b5b15-60b4-493c-a1cf-de54d26ff766":{"id":"c63b1165-7297-4fc8-9c1e-373bd0843fe0","displayName":"Office 365 Users","iconUri":"https://connectoricons-prod.azureedge.net/releases/v1.0.1626/1.0.1626.3238/office365users/icon.png","dataSources":["Office365Users"],"dependencies":[],"dependents":[],"parameterHints":{},"parameterHintsV2":{},"isOnPremiseConnection":false,"bypassConsent":false,"dataSets":{},"apiTier":"Standard","isCustomApiConnection":false}},"authorizationReferences":[{"resourceId":"powerbi"}],"databaseReferences":{"default.cds":{"databaseDetails":{"referenceType":"Environmental","environmentName":"default.cds","overrideValues":{"status":"NotSpecified"}},"dataSources":{"Kontakty":{"entitySetName":"contacts","logicalName":"contact"},"Działania":{"entitySetName":"activitypointers","logicalName":"activitypointer"},"Reports":{"entitySetName":"msmwt_reports","logicalName":"msmwt_report"}},"actions":["providers/PowerPlatform.Governance/Operations/Read"]}},"almMode":"Environment","performanceOptimizationEnabled":true,"canConsumeAppPass":true,"enableModernRuntimeMode":false,"executionRestrictions":{"isTeamsOnly":false,"dataLossPreventionEvaluationResult":{"status":"Compliant","lastEvaluationDate":"2023-05-13T18:06:20.3200795Z","violations":[],"violationsByPolicy":[],"violationErrorMessage":"The app uses the following connectors: shared_excel, shared_onedriveforbusiness."}}},"appType":"ClassicCanvasApp","appComponents":[]}}